marca,modelo,imagesrc
ANA HICKMANN,HI6067-T02,https://image4.cdnsbg.com/2/674/697608_1761818164726.jpg?width=450&height=225
ANA HICKMANN,HI1173-06A,https://image4.cdnsbg.com/2/674/697605_1761712489496.jpg?width=450&height=225
ANA HICKMANN,AH6348-H01,https://image4.cdnsbg.com/2/674/697570_1761818164725.jpg?width=450&height=225
ANA HICKMANN,AH6347-H06,https://image4.cdnsbg.com/2/674/697568_1761712489495.jpg?width=450&height=225
ANA HICKMANN,HI6135-E01,https://image4.cdnsbg.com/2/674/680271_1761712489494.jpg?width=450&height=225
ANA HICKMANN,HI6132E-H01,https://image4.cdnsbg.com/2/674/680266_1761712489493.jpg?width=450&height=225
ANA HICKMANN,HI6126-G21,https://image4.cdnsbg.com/2/674/680261_1753883466232.jpg?width=450&height=225
ANA HICKMANN,HI6248-P02,https://image4.cdnsbg.com/2/674/715819_1744850377350.jpg?width=450&height=225
ANA HICKMANN,HI1185-E03,https://image4.cdnsbg.com/2/674/715807_1744850377346.jpg?width=450&height=225
ANA HICKMANN,HI1184-E03,https://image4.cdnsbg.com/2/674/715803_1744850377346.jpg?width=450&height=225
ANA HICKMANN,AH6494-C03,https://image4.cdnsbg.com/2/674/715799_1744850377345.jpg?width=450&height=225
ANA HICKMANN,AH6475-G22,https://image4.cdnsbg.com/2/674/715793_1744850377344.jpg?width=450&height=225
ANA HICKMANN,AH6472-H02,https://image4.cdnsbg.com/2/674/715785_1744850377342.jpg?width=450&height=225
ANA HICKMANN,AH6467-P02,https://image4.cdnsbg.com/2/674/715780_1744850377341.jpg?width=450&height=225
ANA HICKMANN,HI6234-H01,https://image4.cdnsbg.com/2/674/707579_1739851230422.jpg?width=450&height=225
ANA HICKMANN,HIY6001-P03,https://image4.cdnsbg.com/2/674/697654_1733194685940.jpg?width=450&height=225
ANA HICKMANN,HI6103-H03,https://image4.cdnsbg.com/2/674/680257_1716344385900.jpg?width=450&height=225
ANA HICKMANN,HI6103-H01,https://image4.cdnsbg.com/2/674/680256_1716344385899.jpg?width=450&height=225
ANA HICKMANN,HI6090-E04,https://image4.cdnsbg.com/2/674/680253_1744714212733.jpg?width=450&height=225
ANA HICKMANN,HI6074-G22,https://image4.cdnsbg.com/2/674/680252_1734590066029.jpg?width=450&height=225
ANA HICKMANN,HI6067-T03,https://image4.cdnsbg.com/2/674/680251_1716344385894.jpg?width=450&height=225
ANA HICKMANN,HI1101-09A,https://image4.cdnsbg.com/2/674/680247_1753883466232.jpg?width=450&height=225
ANA HICKMANN,HI1089-09A,https://image4.cdnsbg.com/2/674/680243_1716344385889.jpg?width=450&height=225
ANA HICKMANN,HI1089-04A,https://image4.cdnsbg.com/2/674/680241_1716344385887.jpg?width=450&height=225
ANA HICKMANN,HI1082-05A,https://image4.cdnsbg.com/2/674/680226_1716344385878.jpg?width=450&height=225
ANA HICKMANN,HI1065-05A,https://image4.cdnsbg.com/2/674/680213_1762324117289.jpg?width=450&height=225
ANA HICKMANN,HI1064-15A,https://image4.cdnsbg.com/2/674/680211_1728892866398.jpg?width=450&height=225
ANA HICKMANN,HI1063-15A,https://image4.cdnsbg.com/2/674/680209_1722310522725.jpg?width=450&height=225
ANA HICKMANN,HI1063-03A,https://image4.cdnsbg.com/2/674/680208_1716344385866.jpg?width=450&height=225
ANA HICKMANN,HI1062-09B,https://image4.cdnsbg.com/2/674/727196_1753162875632.jpg?width=450&height=225
ANA HICKMANN,HI1057-13B,https://image4.cdnsbg.com/2/674/727193_1753162875631.jpg?width=450&height=225
ANA HICKMANN,HI1057-09B,https://image4.cdnsbg.com/2/674/727188_1753162875630.jpg?width=450&height=225
ANA HICKMANN,HI1055-06B,https://image4.cdnsbg.com/2/674/727186_1753162875629.jpg?width=450&height=225
ANA HICKMANN,HI6070-T03,https://image4.cdnsbg.com/2/674/727184_1753162875629.jpg?width=450&height=225
ANA HICKMANN,HI6069-T01,https://image4.cdnsbg.com/2/674/727182_1753162875629.jpg?width=450&height=225
ANA HICKMANN,HI1051-E01,https://image4.cdnsbg.com/2/674/727173_1753162875627.jpg?width=450&height=225
ANA HICKMANN,AH6453-P01,https://image4.cdnsbg.com/2/674/727166_1753162875626.jpg?width=450&height=225
ANA HICKMANN,AH1077-04A,https://image4.cdnsbg.com/2/674/721624_1748323618143.jpg?width=450&height=225
ANA HICKMANN,HIY1008-E01,https://image4.cdnsbg.com/2/674/721623_1756792531672.jpg?width=450&height=225
ANA HICKMANN,HIY1006-12A,https://image4.cdnsbg.com/2/674/721620_1748323618138.jpg?width=450&height=225
ANA HICKMANN,HIY1006-01A,https://image4.cdnsbg.com/2/674/721615_1748323618137.jpg?width=450&height=225
ANA HICKMANN,HIC1078-05A,https://image4.cdnsbg.com/2/674/721614_1748323618137.jpg?width=450&height=225
ANA HICKMANN,HI6263-H03,https://image4.cdnsbg.com/2/674/721602_1748323618135.jpg?width=450&height=225
ANA HICKMANN,HI6263-H02,https://image4.cdnsbg.com/2/674/721595_1748323618133.jpg?width=450&height=225
ANA HICKMANN,HI6262-H01,https://image4.cdnsbg.com/2/674/721582_1748323618128.jpg?width=450&height=225
ANA HICKMANN,HI6255-A01,https://image4.cdnsbg.com/2/674/721580_1748323618128.jpg?width=450&height=225
ANA HICKMANN,HI1210-A01,https://image4.cdnsbg.com/2/674/721574_1748323618127.jpg?width=450&height=225
ANA HICKMANN,HI1195-H04,https://image4.cdnsbg.com/2/674/721570_1748323618126.jpg?width=450&height=225
ANA HICKMANN,HI1179-07A,https://image4.cdnsbg.com/2/674/715866_1744850377362.jpg?width=450&height=225
ANA HICKMANN,AH6509-T02,https://image4.cdnsbg.com/2/674/715840_1753234621320.jpg?width=450&height=225
ANA HICKMANN,AH6504-T02,https://image4.cdnsbg.com/2/674/715819_1744850377350.jpg?width=450&height=225
ANA HICKMANN,AH6496T-C02,https://image4.cdnsbg.com/2/674/715807_1744850377346.jpg?width=450&height=225
ANA HICKMANN,AH6495T-C01,https://image4.cdnsbg.com/2/674/715803_1744850377346.jpg?width=450&height=225
ANA HICKMANN,AH6493-E01,https://image4.cdnsbg.com/2/674/715799_1744850377345.jpg?width=450&height=225
ANA HICKMANN,AH6487-E01,https://image4.cdnsbg.com/2/674/715793_1744850377344.jpg?width=450&height=225
ANA HICKMANN,AH1503-G21,https://image4.cdnsbg.com/2/674/715785_1744850377342.jpg?width=450&height=225
ANA HICKMANN,AH1491T-12A,https://image4.cdnsbg.com/2/674/715780_1744850377341.jpg?width=450&height=225
ANA HICKMANN,AH1491T-01A,https://image4.cdnsbg.com/2/674/707579_1739851230422.jpg?width=450&height=225
ANA HICKMANN,HIY6015-T01,https://image4.cdnsbg.com/2/674/697654_1733194685940.jpg?width=450&height=225
ANA HICKMANN,HIC1067-09B,https://image4.cdnsbg.com/2/674/697637_1733194685937.jpg?width=450&height=225
ANA HICKMANN,HIC1067-09A,https://image4.cdnsbg.com/2/674/697632_1762324117296.jpg?width=450&height=225
ANA HICKMANN,HIC1066-07A,https://image4.cdnsbg.com/2/674/697624_1733194685934.jpg?width=450&height=225
ANA HICKMANN,HIC1066-05A,https://image4.cdnsbg.com/2/674/697615_1733194685932.jpg?width=450&height=225
ANA HICKMANN,HI6299-T01,https://image4.cdnsbg.com/2/674/697614_1733194685932.jpg?width=450&height=225
ANA HICKMANN,HI6299-E01,https://image4.cdnsbg.com/2/674/697589_1733194685927.jpg?width=450&height=225
ANA HICKMANN,HI6265-A01,https://image4.cdnsbg.com/2/674/680257_1716344385900.jpg?width=450&height=225
ANA HICKMANN,HI6264-H01,https://image4.cdnsbg.com/2/674/680256_1716344385899.jpg?width=450&height=225
ANA HICKMANN,HI6260-G21,https://image4.cdnsbg.com/2/674/680253_1744714212733.jpg?width=450&height=225
ANA HICKMANN,HI1228-15A,https://image4.cdnsbg.com/2/674/680252_1734590066029.jpg?width=450&height=225
ANA HICKMANN,HI1228-12A,https://image4.cdnsbg.com/2/674/680251_1716344385894.jpg?width=450&height=225
ANA HICKMANN,HI1227T-12A,https://image4.cdnsbg.com/2/674/680247_1753883466232.jpg?width=450&height=225
ANA HICKMANN,HI1227T-07A,https://image4.cdnsbg.com/2/674/680243_1716344385889.jpg?width=450&height=225
ANA HICKMANN,HI1227T-04A,https://image4.cdnsbg.com/2/674/680241_1716344385887.jpg?width=450&height=225
ANA HICKMANN,HI1226T-12A,https://image4.cdnsbg.com/2/674/680226_1716344385878.jpg?width=450&height=225
ANA HICKMANN,HI1226T-04A,https://image4.cdnsbg.com/2/674/680213_1762324117289.jpg?width=450&height=225
ANA HICKMANN,HI1226T-01A,https://image4.cdnsbg.com/2/674/680211_1728892866398.jpg?width=450&height=225
ANA HICKMANN,HI1225-09A,https://image4.cdnsbg.com/2/674/680209_1722310522725.jpg?width=450&height=225
ANA HICKMANN,HI1225-03A,https://image4.cdnsbg.com/2/674/680208_1716344385866.jpg?width=450&height=225
ANA HICKMANN,HI1225-01A,https://image4.cdnsbg.com/2/674/680207_1716344385865.jpg?width=450&height=225
ANA HICKMANN,HI1224-09A,https://image4.cdnsbg.com/2/674/680206_1746423560750.jpg?width=450&height=225
ANA HICKMANN,HI1223-T02,https://image4.cdnsbg.com/2/674/680205_1716344385864.jpg?width=450&height=225
ANA HICKMANN,HI1223-T01,https://image4.cdnsbg.com/2/674/680204_1724072048046.jpg?width=450&height=225
ANA HICKMANN,HI1210-D02,https://image4.cdnsbg.com/2/674/672321_1710812928538.jpg?width=450&height=225
ANA HICKMANN,HI1210-A02,https://image4.cdnsbg.com/2/674/672318_1724072048022.jpg?width=450&height=225
ANA HICKMANN,HI1209-D02,https://image4.cdnsbg.com/2/674/672309_1710812928534.jpg?width=450&height=225
ANA HICKMANN,HI1209-D01,https://image4.cdnsbg.com/2/674/609085_1716383686980.jpg?width=450&height=225
ANA HICKMANN,HI1209-A02,https://image4.cdnsbg.com/2/674/566577_1629952835392.jpg?width=450&height=225
ANA HICKMANN,AH6542-D01,https://image4.cdnsbg.com/2/674/727195_1753162875632.jpg?width=450&height=225
ANA HICKMANN,AH6529-H01,https://image4.cdnsbg.com/2/674/727194_1753162875631.jpg?width=450&height=225
ANA HICKMANN,AH6526-D01,https://image4.cdnsbg.com/2/674/727192_1753162875631.jpg?width=450&height=225
ANA HICKMANN,AH6509-T01,https://image4.cdnsbg.com/2/674/727191_1753162875631.jpg?width=450&height=225
ANA HICKMANN,AH6498-C02,https://image4.cdnsbg.com/2/674/727190_1753162875630.jpg?width=450&height=225
ANA HICKMANN,AH1550-H01,https://image4.cdnsbg.com/2/674/727189_1753162875630.jpg?width=450&height=225
ANA HICKMANN,HIY601-A01,https://image4.cdnsbg.com/2/674/727187_1753162875629.jpg?width=450&height=225
ANA HICKMANN,HIY6014-A01,https://image4.cdnsbg.com/2/674/727183_1753162875629.jpg?width=450&height=225
ANA HICKMANN,HIY6013-E02,https://image4.cdnsbg.com/2/674/727180_1753162875628.jpg?width=450&height=225
ANA HICKMANN,HIY6009T-E0,https://image4.cdnsbg.com/2/674/727179_1753162875628.jpg?width=450&height=225
ANA HICKMANN,HIY6006-G21,https://image4.cdnsbg.com/2/674/727174_1753162875627.jpg?width=450&height=225
ANA HICKMANN,HIY6006-E02,https://image4.cdnsbg.com/2/674/727172_1753162875627.jpg?width=450&height=225
ANA HICKMANN,HIY6006-E01,https://image4.cdnsbg.com/2/674/727170_1753162875627.jpg?width=450&height=225
ANA HICKMANN,HIY6006-A01,https://image4.cdnsbg.com/2/674/727167_1753162875626.jpg?width=450&height=225
ANA HICKMANN,HIY6005-G21,https://image4.cdnsbg.com/2/674/727165_1753162875626.jpg?width=450&height=225
ANA HICKMANN,HIY6005-E02,https://image4.cdnsbg.com/2/674/727164_1753162875626.jpg?width=450&height=225
ANA HICKMANN,HIY6005-E01,https://image4.cdnsbg.com/2/674/727163_1753162875626.jpg?width=450&height=225
ANA HICKMANN,HIY6005-A01,https://image4.cdnsbg.com/2/674/727162_1753162875626.jpg?width=450&height=225
ANA HICKMANN,HIY6004-H04,https://image4.cdnsbg.com/2/674/727161_1753162875625.jpg?width=450&height=225
ANA HICKMANN,HIY6004-H03,https://image4.cdnsbg.com/2/674/727160_1753162875625.jpg?width=450&height=225
ANA HICKMANN,HIY6004-H02,https://image4.cdnsbg.com/2/674/721625_1748323618144.jpg?width=450&height=225
ANA HICKMANN,HIY6004-H01,https://image4.cdnsbg.com/2/674/721622_1748323618138.jpg?width=450&height=225
ANA HICKMANN,HIY1014-05A,https://image4.cdnsbg.com/2/674/721621_1748323618138.jpg?width=450&height=225
ANA HICKMANN,HIY1004-09A,https://image4.cdnsbg.com/2/674/721619_1748323618138.jpg?width=450&height=225
ANA HICKMANN,HIY1004-06A,https://image4.cdnsbg.com/2/674/721618_1748323618138.jpg?width=450&height=225
ANA HICKMANN,HIY1004-05A,https://image4.cdnsbg.com/2/674/721617_1748323618137.jpg?width=450&height=225
ANA HICKMANN,HIY1003-09B,https://image4.cdnsbg.com/2/674/721616_1748323618137.jpg?width=450&height=225
ANA HICKMANN,HI6251-E02,https://image4.cdnsbg.com/2/674/715831_1744850377355.jpg?width=450&height=225
ANA HICKMANN,HI6251-E01,https://image4.cdnsbg.com/2/674/721599_1748323618134.jpg?width=450&height=225
ANA HICKMANN,HI6251-A01,https://image4.cdnsbg.com/2/674/721598_1748323618134.jpg?width=450&height=225
ANA HICKMANN,HI6250-H03,https://image4.cdnsbg.com/2/674/721597_1748323618134.jpg?width=450&height=225
ANA HICKMANN,HI6250-H02,https://image4.cdnsbg.com/2/674/721596_1748323618133.jpg?width=450&height=225
ANA HICKMANN,HI6249-P04,https://image4.cdnsbg.com/2/674/721594_1748323618133.jpg?width=450&height=225
ANA HICKMANN,HI6249-P03,https://image4.cdnsbg.com/2/674/721593_1748323618133.jpg?width=450&height=225
ANA HICKMANN,HI6249-P02,https://image4.cdnsbg.com/2/674/715822_1744850377352.jpg?width=450&height=225
ANA HICKMANN,HI6248-P04,https://image4.cdnsbg.com/2/674/715821_1744850377351.jpg?width=450&height=225
ANA HICKMANN,HI6248-P03,https://image4.cdnsbg.com/2/674/715820_1744850377351.jpg?width=450&height=225
ANA HICKMANN,HI6243-P04,https://image4.cdnsbg.com/2/674/715817_1744850377349.jpg?width=450&height=225
ANA HICKMANN,HI6243-P03,https://image4.cdnsbg.com/2/674/715816_1744850377349.jpg?width=450&height=225
ANA HICKMANN,HI6243-P02,https://image4.cdnsbg.com/2/674/715815_1744850377349.jpg?width=450&height=225
ANA HICKMANN,HI6243-P01,https://image4.cdnsbg.com/2/674/721586_1748323618129.jpg?width=450&height=225
ANA HICKMANN,HI6239T-H02,https://image4.cdnsbg.com/2/674/721585_1748323618129.jpg?width=450&height=225
ANA HICKMANN,HI6239T-H01,https://image4.cdnsbg.com/2/674/721584_1748323618129.jpg?width=450&height=225
ANA HICKMANN,HI6238T-H03,https://image4.cdnsbg.com/2/674/721583_1748323618129.jpg?width=450&height=225
ANA HICKMANN,HI6238T-E01,https://image4.cdnsbg.com/2/674/721581_1748323618128.jpg?width=450&height=225
ANA HICKMANN,HI1185-E01,https://image4.cdnsbg.com/2/674/721579_1748323618128.jpg?width=450&height=225
ANA HICKMANN,HI1184-E02,https://image4.cdnsbg.com/2/674/715802_1744850377345.jpg?width=450&height=225
ANA HICKMANN,HI1184-A01,https://image4.cdnsbg.com/2/674/715800_1744850377345.jpg?width=450&height=225
ANA HICKMANN,AH6492-G21,https://image4.cdnsbg.com/2/674/715797_1744850377344.jpg?width=450&height=225
ANA HICKMANN,AH6492-E01,https://image4.cdnsbg.com/2/674/715796_1744850377344.jpg?width=450&height=225
ANA HICKMANN,AH6491-E03,https://image4.cdnsbg.com/2/674/715795_1744850377344.jpg?width=450&height=225
ANA HICKMANN,AH6475-C01,https://image4.cdnsbg.com/2/674/715792_1744850377343.jpg?width=450&height=225
ANA HICKMANN,AH6474-H04,https://image4.cdnsbg.com/2/674/715791_1744850377343.jpg?width=450&height=225
ANA HICKMANN,AH6474-H03,https://image4.cdnsbg.com/2/674/727190_1753162875630.jpg?width=450&height=225
ANA HICKMANN,AH6474-H02,https://image4.cdnsbg.com/2/674/727189_1753162875630.jpg?width=450&height=225
ANA HICKMANN,AH6474-H01,https://image4.cdnsbg.com/2/674/715788_1744850377343.jpg?width=450&height=225
ANA HICKMANN,AH6472-H04,https://image4.cdnsbg.com/2/674/715787_1744850377342.jpg?width=450&height=225
ANA HICKMANN,AH6472-H03,https://image4.cdnsbg.com/2/674/715786_1744850377342.jpg?width=450&height=225
ANA HICKMANN,AH6472-H01,https://image4.cdnsbg.com/2/674/715784_1744850377341.jpg?width=450&height=225
ANA HICKMANN,AH6469T-E02,https://image4.cdnsbg.com/2/674/715783_1744850377341.jpg?width=450&height=225
ANA HICKMANN,AH6468-P04,https://image4.cdnsbg.com/2/674/715782_1744850377341.jpg?width=450&height=225
ANA HICKMANN,AH6467-P04,https://image4.cdnsbg.com/2/674/715781_1744850377341.jpg?width=450&height=225
ANA HICKMANN,AH6467-P01,https://image4.cdnsbg.com/2/674/715779_1744850377340.jpg?width=450&height=225
ANA HICKMANN,AH6465-P03,https://image4.cdnsbg.com/2/674/715777_1744850377340.jpg?width=450&height=225
ANA HICKMANN,AH6464T-T01,https://image4.cdnsbg.com/2/674/715776_1744850377340.jpg?width=450&height=225
ANA HICKMANN,AH6464T-G21,https://image4.cdnsbg.com/2/674/715775_1744850377339.jpg?width=450&height=225
ANA HICKMANN,AH6463T-G21,https://image4.cdnsbg.com/2/674/715774_1744850377337.jpg?width=450&height=225
ANA HICKMANN,AH6463T-E02,https://image4.cdnsbg.com/2/674/715773_1744850377337.jpg?width=450&height=225
ANA HICKMANN,HIY6003-H04,https://image4.cdnsbg.com/2/674/707592_1739851230425.jpg?width=450&height=225
ANA HICKMANN,HIY6003-H03,https://image4.cdnsbg.com/2/674/707591_1739851230424.jpg?width=450&height=225
ANA HICKMANN,HIY6003-H02,https://image4.cdnsbg.com/2/674/707590_1739851230424.jpg?width=450&height=225
ANA HICKMANN,HIY6003-H01,https://image4.cdnsbg.com/2/674/707589_1739851230424.jpg?width=450&height=225
ANA HICKMANN,HI6236-G21,https://image4.cdnsbg.com/2/674/707588_1739851230424.jpg?width=450&height=225
ANA HICKMANN,HI6236-E02,https://image4.cdnsbg.com/2/674/707587_1739851230424.jpg?width=450&height=225
ANA HICKMANN,HI6236-E01,https://image4.cdnsbg.com/2/674/707586_1739851230424.jpg?width=450&height=225
ANA HICKMANN,HI6236-A01,https://image4.cdnsbg.com/2/674/707585_1739851230423.jpg?width=450&height=225
ANA HICKMANN,HI6232-E03,https://image4.cdnsbg.com/2/674/715831_1744850377355.jpg?width=450&height=225
ANA HICKMANN,HI6232-E01,https://image4.cdnsbg.com/2/674/721599_1748323618134.jpg?width=450&height=225
ANA HICKMANN,HI6232-A01,https://image4.cdnsbg.com/2/674/721598_1748323618134.jpg?width=450&height=225
ANA HICKMANN,HI6231-C03,https://image4.cdnsbg.com/2/674/721597_1748323618134.jpg?width=450&height=225
ANA HICKMANN,HI6231-C02,https://image4.cdnsbg.com/2/674/721596_1748323618133.jpg?width=450&height=225
ANA HICKMANN,HI6231-C01,https://image4.cdnsbg.com/2/674/721594_1748323618133.jpg?width=450&height=225
ANA HICKMANN,HI6230-C03,https://image4.cdnsbg.com/2/674/721593_1748323618133.jpg?width=450&height=225
ANA HICKMANN,HI6230-C02,https://image4.cdnsbg.com/2/674/715822_1744850377352.jpg?width=450&height=225
ANA HICKMANN,HI6230-C01,https://image4.cdnsbg.com/2/674/715821_1744850377351.jpg?width=450&height=225
ANA HICKMANN,HI6227-H02,https://image4.cdnsbg.com/2/674/715820_1744850377351.jpg?width=450&height=225
ANA HICKMANN,HI6227-H01,https://image4.cdnsbg.com/2/674/715817_1744850377349.jpg?width=450&height=225
ANA HICKMANN,HI6226-H04,https://image4.cdnsbg.com/2/674/715816_1744850377349.jpg?width=450&height=225
ANA HICKMANN,HI6226-H03,https://image4.cdnsbg.com/2/674/715815_1744850377349.jpg?width=450&height=225
ANA HICKMANN,HI6226-H02,https://image4.cdnsbg.com/2/674/721586_1748323618129.jpg?width=450&height=225
ANA HICKMANN,HI6226-H01,https://image4.cdnsbg.com/2/674/721585_1748323618129.jpg?width=450&height=225
ANA HICKMANN,HI6225-H03,https://image4.cdnsbg.com/2/674/721584_1748323618129.jpg?width=450&height=225
ANA HICKMANN,HI1181-09A,https://image4.cdnsbg.com/2/674/721583_1748323618129.jpg?width=450&height=225
ANA HICKMANN,HI1181-06A,https://image4.cdnsbg.com/2/674/721581_1748323618128.jpg?width=450&height=225
ANA HICKMANN,HI1181-05A,https://image4.cdnsbg.com/2/674/721579_1748323618128.jpg?width=450&height=225
ANA HICKMANN,HI1178-09B,https://image4.cdnsbg.com/2/674/715802_1744850377345.jpg?width=450&height=225
ANA HICKMANN,HI1178-09A,https://image4.cdnsbg.com/2/674/715800_1744850377345.jpg?width=450&height=225
ANA HICKMANN,HI1178-04A,https://image4.cdnsbg.com/2/674/715797_1744850377344.jpg?width=450&height=225
ANA HICKMANN,HI1178-01A,https://image4.cdnsbg.com/2/674/715796_1744850377344.jpg?width=450&height=225
ANA HICKMANN,HI1177-H04,https://image4.cdnsbg.com/2/674/715795_1744850377344.jpg?width=450&height=225
ANA HICKMANN,HI1177-H03,https://image4.cdnsbg.com/2/674/715792_1744850377343.jpg?width=450&height=225
ANA HICKMANN,HI1177-H02,https://image4.cdnsbg.com/2/674/715791_1744850377343.jpg?width=450&height=225
ANA HICKMANN,AH6454-P02,https://image4.cdnsbg.com/2/674/727190_1753162875630.jpg?width=450&height=225
ANA HICKMANN,HIY6002-P03,https://image4.cdnsbg.com/2/674/727189_1753162875630.jpg?width=450&height=225
ANA HICKMANN,HIY6002-P02,https://image4.cdnsbg.com/2/674/715788_1744850377343.jpg?width=450&height=225
ANA HICKMANN,HIY6001-P02,https://image4.cdnsbg.com/2/674/715787_1744850377342.jpg?width=450&height=225
ANA HICKMANN,HIY6001-P01,https://image4.cdnsbg.com/2/674/715786_1744850377342.jpg?width=450&height=225
ANA HICKMANN,HIY6000-P03,https://image4.cdnsbg.com/2/674/715784_1744850377341.jpg?width=450&height=225
ANA HICKMANN,HIY6000-P02,https://image4.cdnsbg.com/2/674/715783_1744850377341.jpg?width=450&height=225
ANA HICKMANN,HIY6000-P01,https://image4.cdnsbg.com/2/674/715782_1744850377341.jpg?width=450&height=225
ANA HICKMANN,HI6225-H02,https://image4.cdnsbg.com/2/674/715781_1744850377341.jpg?width=450&height=225
ANA HICKMANN,HI6225-H01,https://image4.cdnsbg.com/2/674/715779_1744850377340.jpg?width=450&height=225
ANA HICKMANN,HI6225-G21,https://image4.cdnsbg.com/2/674/715777_1744850377340.jpg?width=450&height=225
ANA HICKMANN,HI6224-H03,https://image4.cdnsbg.com/2/674/715776_1744850377340.jpg?width=450&height=225
ANA HICKMANN,HI6224-H02,https://image4.cdnsbg.com/2/674/715775_1744850377339.jpg?width=450&height=225
ANA HICKMANN,HI6224-H01,https://image4.cdnsbg.com/2/674/715774_1744850377337.jpg?width=450&height=225
ANA HICKMANN,HI6224-G21,https://image4.cdnsbg.com/2/674/715773_1744850377337.jpg?width=450&height=225
ANA HICKMANN,HI6221-P03,https://image4.cdnsbg.com/2/674/707592_1739851230425.jpg?width=450&height=225
ANA HICKMANN,HI6219-E01,https://image4.cdnsbg.com/2/674/707591_1739851230424.jpg?width=450&height=225
ANA HICKMANN,HI6216-P02,https://image4.cdnsbg.com/2/674/707590_1739851230424.jpg?width=450&height=225
ANA HICKMANN,HI6216-P01,https://image4.cdnsbg.com/2/674/707589_1739851230424.jpg?width=450&height=225
ANA HICKMANN,HI6215-P04,https://image4.cdnsbg.com/2/674/707588_1739851230424.jpg?width=450&height=225
ANA HICKMANN,HI6215-P03,https://image4.cdnsbg.com/2/674/707587_1739851230424.jpg?width=450&height=225
ANA HICKMANN,HI6215-P01,https://image4.cdnsbg.com/2/674/707586_1739851230424.jpg?width=450&height=225
ANA HICKMANN,HI6200-E01,https://image4.cdnsbg.com/2/674/707585_1739851230423.jpg?width=450&height=225
ANA HICKMANN,HI6090-E05,https://image4.cdnsbg.com/2/674/697616_1733194685932.jpg?width=450&height=225
ANA HICKMANN,HI6089-C05,https://image4.cdnsbg.com/2/674/697613_1733194685931.jpg?width=450&height=225
ANA HICKMANN,HI6089-C03,https://image4.cdnsbg.com/2/674/697612_1733194685931.jpg?width=450&height=225
ANA HICKMANN,HI6089-C02,https://image4.cdnsbg.com/2/674/697611_1733194685931.jpg?width=450&height=225
ANA HICKMANN,HI6085-A01,https://image4.cdnsbg.com/2/674/721596_1748323618133.jpg?width=450&height=225
ANA HICKMANN,HI6084-A01,https://image4.cdnsbg.com/2/674/721594_1748323618133.jpg?width=450&height=225
ANA HICKMANN,HI1173-09A,https://image4.cdnsbg.com/2/674/721593_1748323618133.jpg?width=450&height=225
ANA HICKMANN,HI1173-05A,https://image4.cdnsbg.com/2/674/715822_1744850377352.jpg?width=450&height=225
ANA HICKMANN,HI1173-01A,https://image4.cdnsbg.com/2/674/715821_1744850377351.jpg?width=450&height=225
ANA HICKMANN,HI1172-09A,https://image4.cdnsbg.com/2/674/715820_1744850377351.jpg?width=450&height=225
ANA HICKMANN,HI1172-06A,https://image4.cdnsbg.com/2/674/715817_1744850377349.jpg?width=450&height=225
ANA HICKMANN,HI1172-05A,https://image4.cdnsbg.com/2/674/715816_1744850377349.jpg?width=450&height=225
ANA HICKMANN,HI1172-01A,https://image4.cdnsbg.com/2/674/715815_1744850377349.jpg?width=450&height=225
ANA HICKMANN,HI1153-07A,https://image4.cdnsbg.com/2/674/721586_1748323618129.jpg?width=450&height=225
ANA HICKMANN,HI1111-H01,https://image4.cdnsbg.com/2/674/721585_1748323618129.jpg?width=450&height=225
ANA HICKMANN,HI1106T-T01,https://image4.cdnsbg.com/2/674/721584_1748323618129.jpg?width=450&height=225
ANA HICKMANN,HI1078-13A,https://image4.cdnsbg.com/2/674/721583_1748323618129.jpg?width=450&height=225
ANA HICKMANN,HI1069E-E02,https://image4.cdnsbg.com/2/674/721581_1748323618128.jpg?width=450&height=225
ANA HICKMANN,HI1055-05B,https://image4.cdnsbg.com/2/674/721579_1748323618128.jpg?width=450&height=225
ANA HICKMANN,HI1052-E02,https://image4.cdnsbg.com/2/674/715802_1744850377345.jpg?width=450&height=225
ANA HICKMANN,HI1052-E01,https://image4.cdnsbg.com/2/674/715800_1744850377345.jpg?width=450&height=225
ANA HICKMANN,HI1052-A01,https://image4.cdnsbg.com/2/674/715797_1744850377344.jpg?width=450&height=225
ANA HICKMANN,HI1051-E03,https://image4.cdnsbg.com/2/674/715796_1744850377344.jpg?width=450&height=225
ANA HICKMANN,AH6456-P03,https://image4.cdnsbg.com/2/674/715795_1744850377344.jpg?width=450&height=225
ANA HICKMANN,AH6389S-C02,https://image4.cdnsbg.com/2/674/715792_1744850377343.jpg?width=450&height=225
ANA HICKMANN,AH6386-H03,https://image4.cdnsbg.com/2/674/715791_1744850377343.jpg?width=450&height=225
ANA HICKMANN,AH6370-C02,https://image4.cdnsbg.com/2/674/727190_1753162875630.jpg?width=450&height=225
ANA HICKMANN,AH6360S-E02,https://image4.cdnsbg.com/2/674/727189_1753162875630.jpg?width=450&height=225
ANA HICKMANN,AH6348-H05,https://image4.cdnsbg.com/2/674/715788_1744850377343.jpg?width=450&height=225
ANA HICKMANN,AH6348-H03,https://image4.cdnsbg.com/2/674/715787_1744850377342.jpg?width=450&height=225
ANA HICKMANN,AH6348-02S,https://image4.cdnsbg.com/2/674/715786_1744850377342.jpg?width=450&height=225
ANA HICKMANN,AH6347-H05,https://image4.cdnsbg.com/2/674/715784_1744850377341.jpg?width=450&height=225
ANA HICKMANN,AH6347-H02,https://image4.cdnsbg.com/2/674/715783_1744850377341.jpg?width=450&height=225
ANA HICKMANN,AH6334-C04,https://image4.cdnsbg.com/2/674/715782_1744850377341.jpg?width=450&height=225
ANA HICKMANN,AH6330-C04,https://image4.cdnsbg.com/2/674/715781_1744850377341.jpg?width=450&height=225
ANA HICKMANN,AH6327-H02,https://image4.cdnsbg.com/2/674/715779_1744850377340.jpg?width=450&height=225
ANA HICKMANN,AH1370-07A,https://image4.cdnsbg.com/2/674/715777_1744850377340.jpg?width=450&height=225
ANA HICKMANN,AH1332-13A,https://image4.cdnsbg.com/2/674/715776_1744850377340.jpg?width=450&height=225
ANA HICKMANN,AH1332-09A,https://image4.cdnsbg.com/2/674/715775_1744850377339.jpg?width=450&height=225
ANA HICKMANN,AH1332-07A,https://image4.cdnsbg.com/2/674/715774_1744850377337.jpg?width=450&height=225
ANA HICKMANN,AH1331-06A,https://image4.cdnsbg.com/2/674/715773_1744850377337.jpg?width=450&height=225
ANA HICKMANN,HI6136-E01,https://image4.cdnsbg.com/2/674/707592_1739851230425.jpg?width=450&height=225
ANA HICKMANN,HI6132E-H02,https://image4.cdnsbg.com/2/674/707591_1739851230424.jpg?width=450&height=225
ANA HICKMANN,HI6128-T04,https://image4.cdnsbg.com/2/674/707590_1739851230424.jpg?width=450&height=225
ANA HICKMANN,HI6127E-H03,https://image4.cdnsbg.com/2/674/707589_1739851230424.jpg?width=450&height=225
ANA HICKMANN,HI6126-G22,https://image4.cdnsbg.com/2/674/707588_1739851230424.jpg?width=450&height=225
ANA HICKMANN,HI6103-H05,https://image4.cdnsbg.com/2/674/707587_1739851230424.jpg?width=450&height=225
ANA HICKMANN,HI1090-09A,https://image4.cdnsbg.com/2/674/707586_1739851230424.jpg?width=450&height=225
ANA HICKMANN,HI1090-03A,https://image4.cdnsbg.com/2/674/707585_1739851230423.jpg?width=450&height=225
ANA HICKMANN,HI6197-P02,https://image1.cdnsbg.com/public/images/default/big/missing_image_es.jpg
ANA HICKMANN,HI6197-P01,https://image1.cdnsbg.com/public/images/default/big/missing_image_es.jpg
ANA HICKMANN,HI6197-E02,https://image1.cdnsbg.com/public/images/default/big/missing_image_es.jpg
ANA HICKMANN,HI1173-05A,https://es.smartbuyglasses.com/lentes-de-diseno/Ana-Hickmann/?page=6
ANA HICKMANN,HI1173-01A,https://es.smartbuyglasses.com/lentes-de-diseno/Ana-Hickmann/?page=6
ANA HICKMANN,HI1172-09A,https://es.smartbuyglasses.com/lentes-de-diseno/Ana-Hickmann/?page=6
ANA HICKMANN,HI1172-06A,https://es.smartbuyglasses.com/lentes-de-diseno/Ana-Hickmann/?page=6
ANA HICKMANN,HI1172-05A,https://es.smartbuyglasses.com/lentes-de-diseno/Ana-Hickmann/?page=6
ANA HICKMANN,HI1172-01A,https://es.smartbuyglasses.com/lentes-de-diseno/Ana-Hickmann/?page=6
ANA HICKMANN,HI1153-07A,https://es.smartbuyglasses.com/lentes-de-diseno/Ana-Hickmann/?page=6
ANA HICKMANN,HI1111-H01,https://es.smartbuyglasses.com/lentes-de-diseno/Ana-Hickmann/?page=6
ANA HICKMANN,HI1106T-T01,https://es.smartbuyglasses.com/lentes-de-diseno/Ana-Hickmann/?page=6
ANA HICKMANN,HI1078-13A,https://es.smartbuyglasses.com/lentes-de-diseno/Ana-Hickmann/?page=6
ANA HICKMANN,HI1069E-E02,https://es.smartbuyglasses.com/lentes-de-diseno/Ana-Hickmann/?page=6
ANA HICKMANN,HI1055-05B,https://es.smartbuyglasses.com/lentes-de-diseno/Ana-Hickmann/?page=6
ANA HICKMANN,HI1052-E02,https://es.smartbuyglasses.com/lentes-de-diseno/Ana-Hickmann/?page=6
ANA HICKMANN,HI1052-E01,https://es.smartbuyglasses.com/lentes-de-diseno/Ana-Hickmann/?page=6
ANA HICKMANN,HI1052-A01,https://es.smartbuyglasses.com/lentes-de-diseno/Ana-Hickmann/?page=6
ANA HICKMANN,HI1051-E03,https://es.smartbuyglasses.com/lentes-de-diseno/Ana-Hickmann/?page=6
ANA HICKMANN,AH6456-P03,https://es.smartbuyglasses.com/lentes-de-diseno/Ana-Hickmann/?page=6
ANA HICKMANN,AH6389S-C02,https://es.smartbuyglasses.com/lentes-de-diseno/Ana-Hickmann/?page=6
ANA HICKMANN,AH6386-H03,https://es.smartbuyglasses.com/lentes-de-diseno/Ana-Hickmann/?page=6
ANA HICKMANN,AH6370-C02,https://es.smartbuyglasses.com/lentes-de-diseno/Ana-Hickmann/?page=6
ANA HICKMANN,AH6360S-E02,https://es.smartbuyglasses.com/lentes-de-diseno/Ana-Hickmann/?page=6
ANA HICKMANN,AH6348-H05,https://es.smartbuyglasses.com/lentes-de-diseno/Ana-Hickmann/?page=6
ANA HICKMANN,AH6348-H03,https://es.smartbuyglasses.com/lentes-de-diseno/Ana-Hickmann/?page=6
ANA HICKMANN,AH6348-02S,https://es.smartbuyglasses.com/lentes-de-diseno/Ana-Hickmann/?page=6
ANA HICKMANN,AH6347-H05,https://es.smartbuyglasses.com/lentes-de-diseno/Ana-Hickmann/?page=6
ANA HICKMANN,AH6347-H02,https://es.smartbuyglasses.com/lentes-de-diseno/Ana-Hickmann/?page=6
ANA HICKMANN,AH6334-C04,https://es.smartbuyglasses.com/lentes-de-diseno/Ana-Hickmann/?page=6
ANA HICKMANN,AH6330-C04,https://es.smartbuyglasses.com/lentes-de-diseno/Ana-Hickmann/?page=6
ANA HICKMANN,AH6327-H02,https://es.smartbuyglasses.com/lentes-de-diseno/Ana-Hickmann/?page=6
ANA HICKMANN,AH1370-07A,https://es.smartbuyglasses.com/lentes-de-diseno/Ana-Hickmann/?page=6
ANA HICKMANN,AH1332-13A,https://es.smartbuyglasses.com/lentes-de-diseno/Ana-Hickmann/?page=6
ANA HICKMANN,AH1332-09A,https://es.smartbuyglasses.com/lentes-de-diseno/Ana-Hickmann/?page=6
ANA HICKMANN,AH1332-07A,https://es.smartbuyglasses.com/lentes-de-diseno/Ana-Hickmann/?page=6
ANA HICKMANN,AH1331-06A,https://es.smartbuyglasses.com/lentes-de-diseno/Ana-Hickmann/?page=6
ANA HICKMANN,HI6136-E01,https://es.smartbuyglasses.com/lentes-de-diseno/Ana-Hickmann/?page=6
ANA HICKMANN,HI6132E-H02,https://es.smartbuyglasses.com/lentes-de-diseno/Ana-Hickmann/?page=6
ANA HICKMANN,HI6128-T04,https://es.smartbuyglasses.com/lentes-de-diseno/Ana-Hickmann/?page=6
ANA HICKMANN,HI6127E-H03,https://es.smartbuyglasses.com/lentes-de-diseno/Ana-Hickmann/?page=6
ANA HICKMANN,HI6126-G22,https://es.smartbuyglasses.com/lentes-de-diseno/Ana-Hickmann/?page=6
ANA HICKMANN,HI6103-H05,https://es.smartbuyglasses.com/lentes-de-diseno/Ana-Hickmann/?page=6
ANA HICKMANN,HI1090-09A,https://es.smartbuyglasses.com/lentes-de-diseno/Ana-Hickmann/?page=6
ANA HICKMANN,HI1090-03A,https://es.smartbuyglasses.com/lentes-de-diseno/Ana-Hickmann/?page=6
ANA HICKMANN,HI1083-03A,https://image4.cdnsbg.com/2/674/680228_1716344385879.jpg?width=450&height=225
ANA HICKMANN,HI1082-09A,https://image4.cdnsbg.com/2/674/680227_1716344385878.jpg?width=450&height=225
ANA HICKMANN,HI1082-04A,https://image4.cdnsbg.com/2/674/680225_1716344385877.jpg?width=450&height=225
ANA HICKMANN,HI1082-03A,https://image4.cdnsbg.com/2/674/680224_1716344385876.jpg?width=450&height=225
ANA HICKMANN,HI1080-09AS,https://image4.cdnsbg.com/2/674/680223_1716344385876.jpg?width=450&height=225
ANA HICKMANN,HI1080-06AS,https://image4.cdnsbg.com/2/674/680222_1716344385875.jpg?width=450&height=225
ANA HICKMANN,HI1080-01AS,https://image4.cdnsbg.com/2/674/680221_1716344385874.jpg?width=450&height=225
ANA HICKMANN,HI1079-09A,https://image4.cdnsbg.com/2/674/680220_1716344385874.jpg?width=450&height=225
ANA HICKMANN,HI1077-08A,https://image4.cdnsbg.com/2/674/680219_1716344385873.jpg?width=450&height=225
ANA HICKMANN,HI1075-13A,https://image4.cdnsbg.com/2/674/680218_1716344385873.jpg?width=450&height=225
ANA HICKMANN,HI1075-06A,https://image4.cdnsbg.com/2/674/680217_1716344385872.jpg?width=450&height=225
ANA HICKMANN,HI1075-03A,https://image4.cdnsbg.com/2/674/680216_1716344385871.jpg?width=450&height=225
ANA HICKMANN,HI1069E-A01,https://image4.cdnsbg.com/2/674/680214_1716344385870.jpg?width=450&height=225
ANA HICKMANN,HI1064-03A,https://image4.cdnsbg.com/2/674/680210_1716344385867.jpg?width=450&height=225
ANA HICKMANN,HI1054-07A,https://image4.cdnsbg.com/2/674/680203_1716344385862.jpg?width=450&height=225
ANA HICKMANN,HI1054-06A,https://image4.cdnsbg.com/2/674/680202_1716344385861.jpg?width=450&height=225
ANA HICKMANN,HI1054-05A,https://image4.cdnsbg.com/2/674/680201_1716344385861.jpg?width=450&height=225
ANA HICKMANN,HI1052-E04,https://image4.cdnsbg.com/2/674/680200_1716344385860.jpg?width=450&height=225
ANA HICKMANN,HI1052-E03,https://image4.cdnsbg.com/2/674/680199_1716344385859.jpg?width=450&height=225
ANA HICKMANN,HI1051-E04,https://image4.cdnsbg.com/2/674/680198_1716344385858.jpg?width=450&height=225
ANA HICKMANN,HI1051-E02,https://image4.cdnsbg.com/2/674/680197_1716344385858.jpg?width=450&height=225
ANA HICKMANN,HI6072-E01,https://image4.cdnsbg.com/2/674/672323_1710812928539.jpg?width=450&height=225
ANA HICKMANN,HI6069-T05,https://image4.cdnsbg.com/2/674/672320_1710812928538.jpg?width=450&height=225
ANA HICKMANN,HI6069-T02,https://image4.cdnsbg.com/2/674/672319_1710812928537.jpg?width=450&height=225
ANA HICKMANN,HI6061-T02,https://image4.cdnsbg.com/2/674/672316_1710812928536.jpg?width=450&height=225
ANA HICKMANN,HI1047-06A,https://image4.cdnsbg.com/2/674/672307_1710812928533.jpg?width=450&height=225
ANA HICKMANN,HI1046-13A,https://image4.cdnsbg.com/2/674/672306_1710812928532.jpg?width=450&height=225
ANA HICKMANN,HI1045-06A,https://image4.cdnsbg.com/2/674/672305_1710812928532.jpg?width=450&height=225
ANA HICKMANN,AH1427-G21,https://image4.cdnsbg.com/2/674/609055_1663055566615.jpg?width=450&height=225
ANA HICKMANN,AH-6501T-A0,https://kodano.pl/media/catalog/product/cache/12fd80aa5182eea585eae2be83738324/3/4/34624_1.jpg
ANA HICKMANN,AH-6561T-A0,https://kodano.pl/media/catalog/product/cache/12fd80aa5182eea585eae2be83738324/3/4/34660_1.jpg
ANA HICKMANN,AH-6582-G21,https://kodano.pl/media/catalog/product/cache/12fd80aa5182eea585eae2be83738324/3/4/34681_1.jpg
ANA HICKMANN,AH-1545T-05,https://kodano.pl/media/catalog/product/cache/12fd80aa5182eea585eae2be83738324/3/4/34594_1.jpg
ANA HICKMANN,AH-1563G-06,https://kodano.pl/media/catalog/product/cache/12fd80aa5182eea585eae2be83738324/3/4/34613_1.jpg
ANA HICKMANN,AH-1532-05A,https://kodano.pl/media/catalog/product/cache/12fd80aa5182eea585eae2be83738324/3/4/34576_1.jpg
ANA HICKMANN,AH-1524G-12,https://kodano.pl/media/catalog/product/cache/12fd80aa5182eea585eae2be83738324/3/4/34569_1.jpg
ANA HICKMANN,AH-1519-01A,https://kodano.pl/media/catalog/product/cache/12fd80aa5182eea585eae2be83738324/3/4/34560_1.jpg
ANA HICKMANN,AH-6572-A01,https://kodano.pl/media/catalog/product/cache/12fd80aa5182eea585eae2be83738324/3/4/34674_1.jpg
ANA HICKMANN,AH-6539T-P0,https://kodano.pl/media/catalog/product/cache/12fd80aa5182eea585eae2be83738324/3/4/34633_1.jpg
ANA HICKMANN,AH-1548T-09,https://kodano.pl/media/catalog/product/cache/12fd80aa5182eea585eae2be83738324/3/4/34599_1.jpg
ANA HICKMANN,AH-6565GT-E,https://kodano.pl/media/catalog/product/cache/12fd80aa5182eea585eae2be83738324/3/4/34663_1.jpg
ANA HICKMANN,AH-1563G-05,https://kodano.pl/media/catalog/product/cache/12fd80aa5182eea585eae2be83738324/3/4/34612_1.jpg
ANA HICKMANN,AH-6548GT-A,https://kodano.pl/media/catalog/product/cache/12fd80aa5182eea585eae2be83738324/3/4/34644_1.jpg
ANA HICKMANN,AH-1560T-C0,https://kodano.pl/media/catalog/product/cache/12fd80aa5182eea585eae2be83738324/3/4/34608_1.jpg
ANA HICKMANN,AH-1561-09B,https://kodano.pl/media/catalog/product/cache/12fd80aa5182eea585eae2be83738324/3/4/34611_1.jpg
ANA HICKMANN,AH-6582-A01,https://kodano.pl/media/catalog/product/cache/12fd80aa5182eea585eae2be83738324/3/4/34680_1.jpg
ANA HICKMANN,AH-6574-T01,https://kodano.pl/media/catalog/product/cache/12fd80aa5182eea585eae2be83738324/3/4/34678_1.jpg
ANA HICKMANN,AH-1569-A02,https://kodano.pl/media/catalog/product/cache/12fd80aa5182eea585eae2be83738324/3/4/34619_1.jpg
ANA HICKMANN,AH-1567-T01,https://kodano.pl/media/catalog/product/cache/12fd80aa5182eea585eae2be83738324/3/4/34618_1.jpg
ANA HICKMANN,AH-1569-G22,https://kodano.pl/media/catalog/product/cache/12fd80aa5182eea585eae2be83738324/3/4/34620_1.jpg
ANA HICKMANN,AH-1543-01A,https://kodano.pl/media/catalog/product/cache/12fd80aa5182eea585eae2be83738324/3/4/34590_1.jpg
ANA HICKMANN,AH-6543G-A0,https://kodano.pl/media/catalog/product/cache/12fd80aa5182eea585eae2be83738324/3/4/34639_1.jpg
ANA HICKMANN,AH-6543G-T0,https://kodano.pl/media/catalog/product/cache/12fd80aa5182eea585eae2be83738324/3/4/34640_1.jpg
ANA HICKMANN,AH-1537-A01,https://kodano.pl/media/catalog/product/cache/12fd80aa5182eea585eae2be83738324/3/4/34580_1.jpg
ANA HICKMANN,AH-6534-A01,https://kodano.pl/media/catalog/product/cache/12fd80aa5182eea585eae2be83738324/3/4/34631_1.jpg
ANA HICKMANN,AH-6573-C01,https://kodano.pl/media/catalog/product/cache/12fd80aa5182eea585eae2be83738324/3/4/34676_1.jpg
ANA HICKMANN,AH-6561T-E0,https://kodano.pl/media/catalog/product/cache/12fd80aa5182eea585eae2be83738324/3/4/34661_1.jpg
ANA HICKMANN,AH-6539T-P0,https://kodano.pl/media/catalog/product/cache/12fd80aa5182eea585eae2be83738324/3/4/34634_1.jpg
ANA HICKMANN,AH-1551-04A,https://kodano.pl/media/catalog/product/cache/12fd80aa5182eea585eae2be83738324/3/4/34602_1.jpg
ANA HICKMANN,AH-6556-A01,https://kodano.pl/media/catalog/product/cache/12fd80aa5182eea585eae2be83738324/3/4/34655_1.jpg
ANA HICKMANN,AH-6574-A01,https://kodano.pl/media/catalog/product/cache/12fd80aa5182eea585eae2be83738324/3/4/34677_1.jpg
ANA HICKMANN,AH-1543-05A,https://kodano.pl/media/catalog/product/cache/12fd80aa5182eea585eae2be83738324/3/4/34591_1.jpg
ANA HICKMANN,AH-3177-04A,https://kodano.pl/media/catalog/product/cache/12fd80aa5182eea585eae2be83738324/3/7/37653_1.jpg
ANA HICKMANN,AH-3178-04D,https://kodano.pl/media/catalog/product/cache/12fd80aa5182eea585eae2be83738324/3/7/37655_1.jpg
ANA HICKMANN,HI-3048-03B,https://kodano.pl/media/catalog/product/cache/12fd80aa5182eea585eae2be83738324/3/8/38468_1.jpg
ANA HICKMANN,HI-3082-09A,https://kodano.pl/media/catalog/product/cache/12fd80aa5182eea585eae2be83738324/3/8/38487_1.jpg
ANA HICKMANN,HI-3104-04A,https://kodano.pl/media/catalog/product/cache/12fd80aa5182eea585eae2be83738324/3/8/38493_1.jpg
ANA HICKMANN,AH-1568T-05,https://kodano.pl/media/catalog/product/cache/12fd80aa5182eea585eae2be83738324/3/9/39561_1.jpg
ANA HICKMANN,AH-6583-E01,https://kodano.pl/media/catalog/product/cache/12fd80aa5182eea585eae2be83738324/3/9/39083_1.jpg
ANA HICKMANN,AH-6528T-A0,https://kodano.pl/media/catalog/product/cache/12fd80aa5182eea585eae2be83738324/3/9/39225_1.jpg
ANA HICKMANN,HI-1193T-12,https://kodano.pl/media/catalog/product/cache/12fd80aa5182eea585eae2be83738324/3/9/39168_1.jpg
ANA HICKMANN,HI-1252-12A,https://kodano.pl/media/catalog/product/cache/12fd80aa5182eea585eae2be83738324/3/9/39176_1.jpg
ANA HICKMANN,AH-1552-05B,https://kodano.pl/media/catalog/product/cache/12fd80aa5182eea585eae2be83738324/3/9/39222_1.jpg
ANA HICKMANN,HI-6329-C02,https://kodano.pl/media/catalog/product/cache/12fd80aa5182eea585eae2be83738324/3/9/39179_1.jpg
ANA HICKMANN,HI-6319-G21,https://kodano.pl/media/catalog/product/cache/12fd80aa5182eea585eae2be83738324/3/9/39224_1.jpg
ANA HICKMANN,HI-1250T-H0,https://kodano.pl/media/catalog/product/cache/12fd80aa5182eea585eae2be83738324/3/9/39175_1.jpg
ANA HICKMANN,AH-1564-06A,https://kodano.pl/media/catalog/product/cache/12fd80aa5182eea585eae2be83738324/3/9/39164_1.jpg
ANA HICKMANN,HI-6224-H01,https://kodano.pl/media/catalog/product/cache/12fd80aa5182eea585eae2be83738324/3/9/39177_1.jpg
ANA HICKMANN,HIY-1022T-0,https://kodano.pl/media/catalog/product/cache/12fd80aa5182eea585eae2be83738324/3/9/39180_1.jpg
ANA HICKMANN,HI-1240-09A,https://kodano.pl/media/catalog/product/cache/12fd80aa5182eea585eae2be83738324/3/9/39172_1.jpg
ANA HICKMANN,HIY-1027T-A,https://kodano.pl/media/catalog/product/cache/12fd80aa5182eea585eae2be83738324/3/9/39064_1.jpg
ANA HICKMANN,HI-1252-07A,https://kodano.pl/media/catalog/product/cache/12fd80aa5182eea585eae2be83738324/3/9/39039_1.jpg
ANA HICKMANN,HI-6337G-A0,https://kodano.pl/media/catalog/product/cache/12fd80aa5182eea585eae2be83738324/3/9/39054_1.jpg
ANA HICKMANN,AH-6589-A01,https://kodano.pl/media/catalog/product/cache/12fd80aa5182eea585eae2be83738324/3/9/39028_1.jpg
ANA HICKMANN,AH-6538-A01,https://kodano.pl/media/catalog/product/cache/12fd80aa5182eea585eae2be83738324/3/9/39017_1.jpg
ANA HICKMANN,HIC-1172T-0,https://kodano.pl/media/catalog/product/cache/12fd80aa5182eea585eae2be83738324/3/9/39061_1.jpg
ANA HICKMANN,AH-6552-G21,https://kodano.pl/media/catalog/product/cache/12fd80aa5182eea585eae2be83738324/3/9/39021_1.jpg
ANA HICKMANN,AH-6591-A01,https://kodano.pl/media/catalog/product/cache/12fd80aa5182eea585eae2be83738324/3/9/39030_1.jpg
ANA HICKMANN,AH-6549-A01,https://kodano.pl/media/catalog/product/cache/12fd80aa5182eea585eae2be83738324/3/9/39018_1.jpg
ANA HICKMANN,AH-6587-A01,https://kodano.pl/media/catalog/product/cache/12fd80aa5182eea585eae2be83738324/3/9/39027_1.jpg
ANA HICKMANN,HIC-1078-09,https://kodano.pl/media/catalog/product/cache/12fd80aa5182eea585eae2be83738324/3/9/39059_1.jpg
ANA HICKMANN,HI-6310-P01,https://kodano.pl/media/catalog/product/cache/12fd80aa5182eea585eae2be83738324/3/9/39046_1.jpg
ANA HICKMANN,HI-1231-12A,https://kodano.pl/media/catalog/product/cache/12fd80aa5182eea585eae2be83738324/3/9/39035_1.jpg
ANA HICKMANN,AH-6580-H01,https://kodano.pl/media/catalog/product/cache/12fd80aa5182eea585eae2be83738324/3/9/39025_1.jpg
ANA HICKMANN,AH-1546-01A,https://kodano.pl/media/catalog/product/cache/12fd80aa5182eea585eae2be83738324/3/8/38998_1.jpg
ANA HICKMANN,HIC-1172T-0,https://kodano.pl/media/catalog/product/cache/12fd80aa5182eea585eae2be83738324/3/9/39060_1.jpg
ANA HICKMANN,HI-6338-A01,https://kodano.pl/media/catalog/product/cache/12fd80aa5182eea585eae2be83738324/3/9/39055_1.jpg
ANA HICKMANN,AH-1531T-05,https://kodano.pl/media/catalog/product/cache/12fd80aa5182eea585eae2be83738324/3/9/39003_1.jpg
ANA HICKMANN,HI-6324-P01,https://kodano.pl/media/catalog/product/cache/12fd80aa5182eea585eae2be83738324/3/9/39048_1.jpg
ANA HICKMANN,HI-6325-P04,https://kodano.pl/media/catalog/product/cache/12fd80aa5182eea585eae2be83738324/3/9/39049_1.jpg
ANA HICKMANN,HIY-1018T-0,https://kodano.pl/media/catalog/product/cache/12fd80aa5182eea585eae2be83738324/3/9/39062_1.jpg
ANA HICKMANN,AH-6591-H02,https://kodano.pl/media/catalog/product/cache/12fd80aa5182eea585eae2be83738324/3/9/39032_1.jpg
ANA HICKMANN,HI-6341-P03,https://kodano.pl/media/catalog/product/cache/12fd80aa5182eea585eae2be83738324/3/9/39057_1.jpg
ANA HICKMANN,HI-6329-C01,https://kodano.pl/media/catalog/product/cache/12fd80aa5182eea585eae2be83738324/3/9/39051_1.jpg
ANA HICKMANN,AH-6574-T02,https://kodano.pl/media/catalog/product/cache/12fd80aa5182eea585eae2be83738324/3/9/39023_1.jpg
ANA HICKMANN,AH-6576G-A0,https://kodano.pl/media/catalog/product/cache/12fd80aa5182eea585eae2be83738324/3/9/39024_1.jpg
ANA HICKMANN,HI-6341-P01,https://kodano.pl/media/catalog/product/cache/12fd80aa5182eea585eae2be83738324/3/9/39056_1.jpg
ANA HICKMANN,AH-1569-C01,https://kodano.pl/media/catalog/product/cache/12fd80aa5182eea585eae2be83738324/3/6/36812_1.jpg
ANA HICKMANN,AH-1524G-01,https://kodano.pl/media/catalog/product/cache/12fd80aa5182eea585eae2be83738324/3/6/36615_1.jpg
ANA HICKMANN,AH-1533-12A,https://kodano.pl/media/catalog/product/cache/12fd80aa5182eea585eae2be83738324/3/6/36618_1.jpg
ANA HICKMANN,AH-1529T-05,https://kodano.pl/media/catalog/product/cache/12fd80aa5182eea585eae2be83738324/3/6/36617_1.jpg
ANA HICKMANN,AH-1524G-05,https://kodano.pl/media/catalog/product/cache/12fd80aa5182eea585eae2be83738324/3/6/36616_1.jpg
ANA HICKMANN,AH-6533-A01,https://kodano.pl/media/catalog/product/cache/12fd80aa5182eea585eae2be83738324/3/6/36621_1.jpg
ANA HICKMANN,AH-6531-H01,https://kodano.pl/media/catalog/product/cache/12fd80aa5182eea585eae2be83738324/3/6/36620_1.jpg
ANA HICKMANN,AH-6553-E01,https://kodano.pl/media/catalog/product/cache/12fd80aa5182eea585eae2be83738324/3/6/36628_1.jpg
ANA HICKMANN,AH-1547-01A,https://kodano.pl/media/catalog/product/cache/12fd80aa5182eea585eae2be83738324/3/6/36624_1.jpg
ANA HICKMANN,AH-1537-C02,https://kodano.pl/media/catalog/product/cache/12fd80aa5182eea585eae2be83738324/3/6/36623_1.jpg
ANA HICKMANN,AH-6528T-H0,https://kodano.pl/media/catalog/product/cache/12fd80aa5182eea585eae2be83738324/3/6/36619_1.jpg
ANA HICKMANN,AH-1548T-12,https://kodano.pl/media/catalog/product/cache/12fd80aa5182eea585eae2be83738324/3/6/36626_1.jpg
ANA HICKMANN,AH-6590-A01,https://kodano.pl/media/catalog/product/cache/12fd80aa5182eea585eae2be83738324/3/5/35953_1.jpg
ANA HICKMANN,AH-1540-A01,https://kodano.pl/media/catalog/product/cache/12fd80aa5182eea585eae2be83738324/3/5/35536_1.jpg
ANA HICKMANN,AH-1540-C01,https://kodano.pl/media/catalog/product/cache/12fd80aa5182eea585eae2be83738324/3/5/35537_1.jpg
ANA HICKMANN,AH-1540-C03,https://kodano.pl/media/catalog/product/cache/12fd80aa5182eea585eae2be83738324/3/5/35538_1.jpg
ANA HICKMANN,AH-6532-H01,https://kodano.pl/media/catalog/product/cache/12fd80aa5182eea585eae2be83738324/3/5/35535_1.jpg
ANA HICKMANN,AH-1547-12A,https://kodano.pl/media/catalog/product/cache/12fd80aa5182eea585eae2be83738324/3/5/35540_1.jpg
ANA HICKMANN,AH-1559T-C0,https://kodano.pl/media/catalog/product/cache/12fd80aa5182eea585eae2be83738324/3/5/35547_1.jpg
ANA HICKMANN,AH-1521-P01,https://kodano.pl/media/catalog/product/cache/12fd80aa5182eea585eae2be83738324/3/5/35533_1.jpg
ANA HICKMANN,AH-6574-T03,https://kodano.pl/media/catalog/product/cache/12fd80aa5182eea585eae2be83738324/3/5/35551_1.jpg
ANA HICKMANN,AH-1550-E01,https://kodano.pl/media/catalog/product/cache/12fd80aa5182eea585eae2be83738324/3/5/35539_1.jpg
ANA HICKMANN,AH-6562T-E0,https://kodano.pl/media/catalog/product/cache/12fd80aa5182eea585eae2be83738324/3/5/35546_1.jpg
ANA HICKMANN,AH-6550-A01,https://kodano.pl/media/catalog/product/cache/12fd80aa5182eea585eae2be83738324/3/4/34647_1.jpg
ANA HICKMANN,AH-6562T-A0,https://kodano.pl/media/catalog/product/cache/12fd80aa5182eea585eae2be83738324/3/4/34662_1.jpg
ANA HICKMANN,AH-6539T-P0,https://kodano.pl/media/catalog/product/cache/12fd80aa5182eea585eae2be83738324/3/4/34636_1.jpg
ANA HICKMANN,AH-6527T-G2,https://kodano.pl/media/catalog/product/cache/12fd80aa5182eea585eae2be83738324/3/4/34626_1.jpg
ANA HICKMANN,AH-6547-E01,https://kodano.pl/media/catalog/product/cache/12fd80aa5182eea585eae2be83738324/3/4/34643_1.jpg
ANA HICKMANN,AH-6527T-A0,https://kodano.pl/media/catalog/product/cache/12fd80aa5182eea585eae2be83738324/3/4/34625_1.jpg
ANA HICKMANN,AH-6580-A01,https://kodano.pl/media/catalog/product/cache/12fd80aa5182eea585eae2be83738324/3/4/34679_1.jpg
ANA HICKMANN,AH-1520-P02,https://kodano.pl/media/catalog/product/cache/12fd80aa5182eea585eae2be83738324/3/4/34563_1.jpg
ANA HICKMANN,AH-6544-C02,https://kodano.pl/media/catalog/product/cache/12fd80aa5182eea585eae2be83738324/3/4/34641_1.jpg
ANA HICKMANN,AH-6553-A01,https://kodano.pl/media/catalog/product/cache/12fd80aa5182eea585eae2be83738324/3/4/34650_1.jpg
ANA HICKMANN,AH-6583-A01,https://kodano.pl/media/catalog/product/cache/12fd80aa5182eea585eae2be83738324/3/4/34682_1.jpg
ANA HICKMANN,AH-6555-A01,https://kodano.pl/media/catalog/product/cache/12fd80aa5182eea585eae2be83738324/3/4/34653_1.jpg
ANA HICKMANN,AH-6571-E01,https://kodano.pl/media/catalog/product/cache/12fd80aa5182eea585eae2be83738324/3/4/34673_1.jpg
ANA HICKMANN,AH-1558T-09,https://kodano.pl/media/catalog/product/cache/12fd80aa5182eea585eae2be83738324/3/4/34606_1.jpg
ANA HICKMANN,AH-1559T-A0,https://kodano.pl/media/catalog/product/cache/12fd80aa5182eea585eae2be83738324/3/4/34607_1.jpg
ANA HICKMANN,AH-6567-T02,https://kodano.pl/media/catalog/product/cache/12fd80aa5182eea585eae2be83738324/3/4/34667_1.jpg
ANA HICKMANN,AH-6552-A01,https://kodano.pl/media/catalog/product/cache/12fd80aa5182eea585eae2be83738324/3/4/34649_1.jpg
ANA HICKMANN,AH-1549-A01,https://kodano.pl/media/catalog/product/cache/12fd80aa5182eea585eae2be83738324/3/4/34600_1.jpg
ANA HICKMANN,AH-1533-09A,https://kodano.pl/media/catalog/product/cache/12fd80aa5182eea585eae2be83738324/3/4/34579_1.jpg
ANA HICKMANN,AH-6568-E01,https://kodano.pl/media/catalog/product/cache/12fd80aa5182eea585eae2be83738324/3/4/34669_1.jpg
ANA HICKMANN,AH-1558T-05,https://kodano.pl/media/catalog/product/cache/12fd80aa5182eea585eae2be83738324/3/4/34605_1.jpg
ANA HICKMANN,AH-1561-01B,https://kodano.pl/media/catalog/product/cache/12fd80aa5182eea585eae2be83738324/3/4/34610_1.jpg
ANA HICKMANN,AH-6548GT-G,https://kodano.pl/media/catalog/product/cache/12fd80aa5182eea585eae2be83738324/3/4/34645_1.jpg
ANA HICKMANN,AH-6568-T02,https://kodano.pl/media/catalog/product/cache/12fd80aa5182eea585eae2be83738324/3/4/34671_1.jpg
ANA HICKMANN,AH-6555-E01,https://kodano.pl/media/catalog/product/cache/12fd80aa5182eea585eae2be83738324/3/4/34654_1.jpg
ANA HICKMANN,AH-6554G-A0,https://kodano.pl/media/catalog/product/cache/12fd80aa5182eea585eae2be83738324/3/4/34651_1_2.jpg
ANA HICKMANN,AH-6537-A01,https://kodano.pl/media/catalog/product/cache/12fd80aa5182eea585eae2be83738324/3/4/34632_1.jpg
ANA HICKMANN,AH-6567-E01,https://kodano.pl/media/catalog/product/cache/12fd80aa5182eea585eae2be83738324/3/4/34665_1.jpg
ANA HICKMANN,AH-1521-A01,https://kodano.pl/media/catalog/product/cache/12fd80aa5182eea585eae2be83738324/3/4/34565_1.jpg
ANA HICKMANN,AH-6589-H02,https://kodano.pl/media/catalog/product/cache/12fd80aa5182eea585eae2be83738324/3/4/34683_1.jpg
ANA HICKMANN,AH-1560T-G2,https://kodano.pl/media/catalog/product/cache/12fd80aa5182eea585eae2be83738324/3/4/34609_1.jpg
ANA HICKMANN,AH-1520-P03,https://kodano.pl/media/catalog/product/cache/12fd80aa5182eea585eae2be83738324/3/4/34564_1.jpg
ANA HICKMANN,AH-6549-E01,https://kodano.pl/media/catalog/product/cache/12fd80aa5182eea585eae2be83738324/3/4/34646_1.jpg
ANA HICKMANN,AH-1542T-05,https://kodano.pl/media/catalog/product/cache/12fd80aa5182eea585eae2be83738324/3/4/34588_1.jpg
ANA HICKMANN,AH-6567-A01,https://kodano.pl/media/catalog/product/cache/12fd80aa5182eea585eae2be83738324/3/4/34664_1.jpg
ANA HICKMANN,AH-6568-T01,https://kodano.pl/media/catalog/product/cache/12fd80aa5182eea585eae2be83738324/3/4/34670_1.jpg
ANA HICKMANN,AH-6567-T01,https://kodano.pl/media/catalog/product/cache/12fd80aa5182eea585eae2be83738324/3/4/34666_1.jpg
ANA HICKMANN,AH-1538-09A,https://kodano.pl/media/catalog/product/cache/12fd80aa5182eea585eae2be83738324/3/4/34583_1.jpg
ANA HICKMANN,AH-1537-C01,https://kodano.pl/media/catalog/product/cache/12fd80aa5182eea585eae2be83738324/3/4/34581_1.jpg
ANA HICKMANN,AH-6573-A01,https://kodano.pl/media/catalog/product/cache/12fd80aa5182eea585eae2be83738324/3/4/34675_1.jpg
ANA HICKMANN,AH-1537-G21,https://kodano.pl/media/catalog/product/cache/12fd80aa5182eea585eae2be83738324/3/4/34582_1.jpg
ANA HICKMANN,AH-1519-09A,https://kodano.pl/media/catalog/product/cache/12fd80aa5182eea585eae2be83738324/3/4/34561_1.jpg
ANA HICKMANN,AH-1567-A01,https://kodano.pl/media/catalog/product/cache/12fd80aa5182eea585eae2be83738324/3/4/34616_1.jpg
ANA HICKMANN,AH-1569-T02,https://kodano.pl/media/catalog/product/cache/12fd80aa5182eea585eae2be83738324/3/4/34621_1.jpg
ANA HICKMANN,AH-1567-H01,https://kodano.pl/media/catalog/product/cache/12fd80aa5182eea585eae2be83738324/3/4/34617_1.jpg
ANA HICKMANN,AH-1542T-04,https://kodano.pl/media/catalog/product/cache/12fd80aa5182eea585eae2be83738324/3/4/34587_1.jpg
ANA HICKMANN,AH-6540T-P0,https://kodano.pl/media/catalog/product/cache/12fd80aa5182eea585eae2be83738324/3/4/34637_1.jpg
ANA HICKMANN,AH-1480T-A0,https://kodano.pl/media/catalog/product/cache/12fd80aa5182eea585eae2be83738324/3/9/39166_1.jpg
ANA HICKMANN,HI-3041-03A,https://kodano.pl/media/catalog/product/cache/12fd80aa5182eea585eae2be83738324/3/8/38459_1.jpg
ANA HICKMANN,HI-3040-03C,https://kodano.pl/media/catalog/product/cache/12fd80aa5182eea585eae2be83738324/3/8/38456_1.jpg
ANA HICKMANN,HI-3070-G21,https://kodano.pl/media/catalog/product/cache/12fd80aa5182eea585eae2be83738324/3/8/38483_1.jpg
ANA HICKMANN,HI-9094-D02,https://kodano.pl/media/catalog/product/cache/12fd80aa5182eea585eae2be83738324/3/8/38508_1.jpg
ANA HICKMANN,HI-9063-A01,https://kodano.pl/media/catalog/product/cache/12fd80aa5182eea585eae2be83738324/3/8/38499_1.jpg
ANA HICKMANN,HI-9118-G21,https://kodano.pl/media/catalog/product/cache/12fd80aa5182eea585eae2be83738324/3/8/38512_1.jpg
ANA HICKMANN,HI-9065-A01,https://kodano.pl/media/catalog/product/cache/12fd80aa5182eea585eae2be83738324/3/8/38500_1.jpg
ANA HICKMANN,HI-3104-04C,https://kodano.pl/media/catalog/product/cache/12fd80aa5182eea585eae2be83738324/3/8/38494_1.jpg
ANA HICKMANN,HI-9093-D02,https://kodano.pl/media/catalog/product/cache/12fd80aa5182eea585eae2be83738324/3/8/38507_1.jpg
ANA HICKMANN,HI-9088I-T0,https://kodano.pl/media/catalog/product/cache/12fd80aa5182eea585eae2be83738324/3/8/38506_1.jpg
ANA HICKMANN,HI-3064-04D,https://kodano.pl/media/catalog/product/cache/12fd80aa5182eea585eae2be83738324/3/8/38479_1.jpg
ANA HICKMANN,HI-3049-03C,https://kodano.pl/media/catalog/product/cache/12fd80aa5182eea585eae2be83738324/3/8/38469_1.jpg
ANA HICKMANN,HI-3087-04A,https://kodano.pl/media/catalog/product/cache/12fd80aa5182eea585eae2be83738324/3/8/38490_1.jpg
ANA HICKMANN,HI-3070-G22,https://kodano.pl/media/catalog/product/cache/12fd80aa5182eea585eae2be83738324/3/8/38484_1.jpg
ANA HICKMANN,HI-9116-T01,https://kodano.pl/media/catalog/product/cache/12fd80aa5182eea585eae2be83738324/3/8/38511_1.jpg
ANA HICKMANN,HI-3097E-06,https://kodano.pl/media/catalog/product/cache/12fd80aa5182eea585eae2be83738324/3/8/38492_1.jpg
ANA HICKMANN,HI-3049-04E,https://kodano.pl/media/catalog/product/cache/12fd80aa5182eea585eae2be83738324/3/8/38465_1.jpg
ANA HICKMANN,HI-3152-03A,https://kodano.pl/media/catalog/product/cache/12fd80aa5182eea585eae2be83738324/3/8/38496_1.jpg
ANA HICKMANN,HI-3087-05A,https://kodano.pl/media/catalog/product/cache/12fd80aa5182eea585eae2be83738324/3/8/38491_1.jpg
ANA HICKMANN,HI-3150-03A,https://kodano.pl/media/catalog/product/cache/12fd80aa5182eea585eae2be83738324/3/8/38495_1.jpg
ANA HICKMANN,HI-3043-02B,https://kodano.pl/media/catalog/product/cache/12fd80aa5182eea585eae2be83738324/3/8/38462_1.jpg
ANA HICKMANN,HI-3043-02A,https://kodano.pl/media/catalog/product/cache/12fd80aa5182eea585eae2be83738324/3/8/38463_1.jpg
ANA HICKMANN,HI-3043-04A,https://kodano.pl/media/catalog/product/cache/12fd80aa5182eea585eae2be83738324/3/8/38460_1.jpg
ANA HICKMANN,HI-1251-H01,https://kodano.pl/media/catalog/product/cache/12fd80aa5182eea585eae2be83738324/3/9/39038_1.jpg
ANA HICKMANN,HI-6312-A01,https://kodano.pl/media/catalog/product/cache/12fd80aa5182eea585eae2be83738324/3/9/39047_1.jpg
ANA HICKMANN,HI-1260G-05,https://kodano.pl/media/catalog/product/cache/12fd80aa5182eea585eae2be83738324/3/9/39042_1.jpg
ANA HICKMANN,HI-3069-A01,https://kodano.pl/media/catalog/product/cache/12fd80aa5182eea585eae2be83738324/3/8/38482_1.jpg
ANA HICKMANN,HI-3076-05A,https://kodano.pl/media/catalog/product/cache/12fd80aa5182eea585eae2be83738324/3/8/38485_1.jpg
ANA HICKMANN,HI-3052-E04,https://kodano.pl/media/catalog/product/cache/12fd80aa5182eea585eae2be83738324/3/8/38470_1.jpg
ANA HICKMANN,HI-3063-03A,https://kodano.pl/media/catalog/product/cache/12fd80aa5182eea585eae2be83738324/3/8/38478_1.jpg
ANA HICKMANN,HI-3063-04C,https://kodano.pl/media/catalog/product/cache/12fd80aa5182eea585eae2be83738324/3/8/38475_1.jpg
ANA HICKMANN,HI-3052-E02,https://kodano.pl/media/catalog/product/cache/12fd80aa5182eea585eae2be83738324/3/8/38471_1.jpg
ANA HICKMANN,HI-3063-09A,https://kodano.pl/media/catalog/product/cache/12fd80aa5182eea585eae2be83738324/3/8/38477_1.jpg
ANA HICKMANN,HI-3041-02A,https://kodano.pl/media/catalog/product/cache/12fd80aa5182eea585eae2be83738324/3/8/38457_1.jpg
ANA HICKMANN,HI-3085-04A,https://kodano.pl/media/catalog/product/cache/12fd80aa5182eea585eae2be83738324/3/8/38488_1.jpg
ANA HICKMANN,HI-9088I-T0,https://kodano.pl/media/catalog/product/cache/12fd80aa5182eea585eae2be83738324/3/8/38505_1.jpg
ANA HICKMANN,HI-3038-G22,https://kodano.pl/media/catalog/product/cache/12fd80aa5182eea585eae2be83738324/3/8/38458_1.jpg
ANA HICKMANN,HI-3063-04B,https://kodano.pl/media/catalog/product/cache/12fd80aa5182eea585eae2be83738324/3/8/38474_1.jpg
ANA HICKMANN,HI-9077-T04,https://kodano.pl/media/catalog/product/cache/12fd80aa5182eea585eae2be83738324/3/8/38501_1.jpg
ANA HICKMANN,HI-3037-E01,https://kodano.pl/media/catalog/product/cache/12fd80aa5182eea585eae2be83738324/3/8/38455_1.jpg
ANA HICKMANN,HI-3063-04A,https://kodano.pl/media/catalog/product/cache/12fd80aa5182eea585eae2be83738324/3/8/38476_1.jpg
ANA HICKMANN,HI-3055-04F,https://kodano.pl/media/catalog/product/cache/12fd80aa5182eea585eae2be83738324/3/8/38473_1.jpg
ANA HICKMANN,HI-9077-G22,https://kodano.pl/media/catalog/product/cache/12fd80aa5182eea585eae2be83738324/3/8/38504_1.jpg
ANA HICKMANN,AH-633I1R-G,https://kodano.pl/media/catalog/product/cache/12fd80aa5182eea585eae2be83738324/3/7/37660_1.jpg
ANA HICKMANN,AH-3175-07A,https://kodano.pl/media/catalog/product/cache/12fd80aa5182eea585eae2be83738324/3/7/37652_1.jpg
ANA HICKMANN,AH-3201-04A,https://kodano.pl/media/catalog/product/cache/12fd80aa5182eea585eae2be83738324/3/7/37657_1.jpg
ANA HICKMANN,AH-3162-T02,https://kodano.pl/media/catalog/product/cache/12fd80aa5182eea585eae2be83738324/3/7/37646_1.jpg
ANA HICKMANN,AH-3172-04A,https://kodano.pl/media/catalog/product/cache/12fd80aa5182eea585eae2be83738324/3/7/37647_1.jpg
ANA HICKMANN,AH-3172-04B,https://kodano.pl/media/catalog/product/cache/12fd80aa5182eea585eae2be83738324/3/7/37648_1.jpg
ANA HICKMANN,AH-3187-05A,https://kodano.pl/media/catalog/product/cache/12fd80aa5182eea585eae2be83738324/3/7/37656_1.jpg
ANA HICKMANN,AH-3174-A01,https://kodano.pl/media/catalog/product/cache/12fd80aa5182eea585eae2be83738324/3/7/37649_1b.jpg
ANA HICKMANN,AH-6592T-C0,https://kodano.pl/media/catalog/product/cache/12fd80aa5182eea585eae2be83738324/3/5/35553_1.jpg
ANA HICKMANN,AH-6556-G21,https://kodano.pl/media/catalog/product/cache/12fd80aa5182eea585eae2be83738324/3/5/35544_1.jpg
ANA HICKMANN,AH-6547-A01,https://kodano.pl/media/catalog/product/cache/12fd80aa5182eea585eae2be83738324/3/4/34642_1.jpg
ANA HICKMANN,AH-1554T-A0,https://kodano.pl/media/catalog/product/cache/12fd80aa5182eea585eae2be83738324/3/4/34604_1.jpg
ANA HICKMANN,AH-1525-05A,https://kodano.pl/media/catalog/product/cache/12fd80aa5182eea585eae2be83738324/3/4/34570_1.jpg
ANA HICKMANN,AH-1529T-05,https://kodano.pl/media/catalog/product/cache/12fd80aa5182eea585eae2be83738324/3/4/34574_1.jpg
ANA HICKMANN,AH-6539T-P0,https://kodano.pl/media/catalog/product/cache/12fd80aa5182eea585eae2be83738324/3/4/34635_1.jpg
ANA HICKMANN,AH-6590-E01,https://kodano.pl/media/catalog/product/cache/12fd80aa5182eea585eae2be83738324/3/4/34684_1.jpg
ANA HICKMANN,AH-6550-E01,https://kodano.pl/media/catalog/product/cache/12fd80aa5182eea585eae2be83738324/3/4/34648_1.jpg
